n,rho_measured,alpha,kurtosis
200,13.59884660105788,1.5169384867849343,2.189137972266474
300,21.291580657661545,1.458373068515923,2.1309184729383697
400,27.536718892895074,1.3769478072047519,2.0400693199380155
500,29.944748957619154,1.3229880861465897,2.3693036485827745
600,26.795675917593492,1.2757819808914141,2.4739351138379897
700,50.760354162812,1.3117954718063705,2.161765550897352
800,36.519805767944234,1.248959940688093,2.6573965325130686
900,56.27463512874954,1.2667213558058736,2.530181359179915
1000,62.975658201528745,1.282851361649696,2.1379490136297745
