band,rows,cells,feature,abs_share,within_cell_share,corr_with_truth_within,r2_within_band,r2_within_alpha,within_frac_of_target_var
d2,648,6,n_customers,0.07779022397102071,0.056490266644515355,0.4104094545808332,0.8222554601614933,0.8704029921826377,0.2590023991023086
d2,648,6,dimension,0.07601124707010243,0.03304227912386654,0.7231763837731418,0.8222554601614933,0.8704029921826377,0.2590023991023086
d2,648,6,log_bounding_hypervolume,0.037741542533053674,0.00549009570940379,0.21805271742297366,0.8222554601614933,0.8704029921826377,0.2590023991023086
d2,648,6,bounding_hypervolume,0.019647903492193898,0.003656753576367149,0.2637449082272058,0.8222554601614933,0.8704029921826377,0.2590023991023086
d2,648,6,log_node_density,0.0014503430034011047,0.001877230220488818,0.27254104355482006,0.8222554601614933,0.8704029921826377,0.2590023991023086
d2,648,6,node_density,0.003292228967192008,0.008102792213433553,0.5829010836374869,0.8222554601614933,0.8704029921826377,0.2590023991023086
d2,648,6,aspect_ratio,0.015389800153815893,0.04993803260503606,0.6287686015391779,0.8222554601614933,0.8704029921826377,0.2590023991023086
d2,648,6,centroid_dist_mean,0.007694285097756919,0.0005027393521518942,0.05770138655684878,0.8222554601614933,0.8704029921826377,0.2590023991023086
d2,648,6,centroid_dist_std,0.01724423878475947,0.014306007486515589,0.14965747417022918,0.8222554601614933,0.8704029921826377,0.2590023991023086
d2,648,6,centroid_dist_max,0.00523155665796968,0.0025758829949977754,0.12081544083890298,0.8222554601614933,0.8704029921826377,0.2590023991023086
d2,648,6,centroid_dist_iqr,0.006344708043502423,0.004254428081454961,0.10761231851072003,0.8222554601614933,0.8704029921826377,0.2590023991023086
d2,648,6,mst_edge_mean,0.0026858486464980107,0.0053285203168484795,0.33639963411583773,0.8222554601614933,0.8704029921826377,0.2590023991023086
d2,648,6,mst_edge_std,0.0032830834832674283,0.0030908204951708472,0.11061796737809115,0.8222554601614933,0.8704029921826377,0.2590023991023086
d2,648,6,mst_edge_skew,0.010461699878346593,0.01571954375010198,0.2737468565245484,0.8222554601614933,0.8704029921826377,0.2590023991023086
d2,648,6,mst_edge_kurtosis,0.003304209241572699,0.0025906797456973184,0.1159596615588316,0.8222554601614933,0.8704029921826377,0.2590023991023086
d2,648,6,mst_edge_max,0.005024946179192835,0.0014421590698320168,0.00901322052238856,0.8222554601614933,0.8704029921826377,0.2590023991023086
d2,648,6,mst_edge_q10,0.0030875085015705846,0.0022924902995391993,0.10660748657347859,0.8222554601614933,0.8704029921826377,0.2590023991023086
d2,648,6,mst_edge_q25,0.005290998119117221,0.003567423796683219,0.17191787206180614,0.8222554601614933,0.8704029921826377,0.2590023991023086
d2,648,6,mst_edge_q50,0.003728703327774895,0.0027749305068267864,0.11725685518384922,0.8222554601614933,0.8704029921826377,0.2590023991023086
d2,648,6,mst_edge_q75,0.0054978233754202225,0.004723552166056583,0.17382400128747338,0.8222554601614933,0.8704029921826377,0.2590023991023086
d2,648,6,mst_edge_q90,0.004458500880774099,0.0019275051568299428,0.0583699496845985,0.8222554601614933,0.8704029921826377,0.2590023991023086
d2,648,6,mst_dominance_ratio,0.21586073261499483,0.2385491932653154,0.7350482592748967,0.8222554601614933,0.8704029921826377,0.2590023991023086
d2,648,6,mst_gap_ratio,0.02134512614583427,0.02531038075009098,0.45182675601335437,0.8222554601614933,0.8704029921826377,0.2590023991023086
d2,648,6,mst_leaf_ratio,0.02065760186317325,0.00794391287301603,0.1613223365457698,0.8222554601614933,0.8704029921826377,0.2590023991023086
d2,648,6,mst_degree_mean,0.03369673785996535,0.02603751420374652,0.48247961851284266,0.8222554601614933,0.8704029921826377,0.2590023991023086
d2,648,6,mst_degree_std,0.004064610148766009,0.010690236329058857,0.4748334357390515,0.8222554601614933,0.8704029921826377,0.2590023991023086
d2,648,6,mst_degree_max,0.008801430649598907,0.005569838552057577,0.36856897208581774,0.8222554601614933,0.8704029921826377,0.2590023991023086
d2,648,6,mst_diameter,0.022009672452273147,0.01989837644353603,0.15962037482642982,0.8222554601614933,0.8704029921826377,0.2590023991023086
d2,648,6,mst_diameter_normalized,0.06907643131810699,0.07246302902411131,0.527076360271731,0.8222554601614933,0.8704029921826377,0.2590023991023086
d2,648,6,large_edge_count,0.022967269210655557,0.020003574984071376,0.4017479814388564,0.8222554601614933,0.8704029921826377,0.2590023991023086
d2,648,6,greedy_nn_over_mst,0.2668589883283287,0.3498398102631779,0.8206469685060152,0.8222554601614933,0.8704029921826377,0.2590023991023086
d3_5,1944,18,n_customers,0.08700755607393088,0.08652186943597906,0.4666032880519648,0.8098769077135709,0.8351930711204462,0.15304052765892615
d3_5,1944,18,dimension,0.05757514970704394,-0.015257467970917574,-0.37209733791913036,0.8098769077135709,0.8351930711204462,0.15304052765892615
d3_5,1944,18,log_bounding_hypervolume,0.0495617758887209,-0.00046605298742919115,-0.008530765848148946,0.8098769077135709,0.8351930711204462,0.15304052765892615
d3_5,1944,18,bounding_hypervolume,0.024624734797211015,0.0016867469604424248,0.07360535494433525,0.8098769077135709,0.8351930711204462,0.15304052765892615
d3_5,1944,18,log_node_density,0.0018931618190151731,0.0008611172142217625,0.08215215722462924,0.8098769077135709,0.8351930711204462,0.15304052765892615
d3_5,1944,18,node_density,0.0038585929994097846,0.0033780018287585287,0.2833383317381499,0.8098769077135709,0.8351930711204462,0.15304052765892615
d3_5,1944,18,aspect_ratio,0.00769053707092424,0.03201603859121382,0.5869568654114937,0.8098769077135709,0.8351930711204462,0.15304052765892615
d3_5,1944,18,centroid_dist_mean,0.008724793541767695,-0.006633197895804306,-0.11450227858646941,0.8098769077135709,0.8351930711204462,0.15304052765892615
d3_5,1944,18,centroid_dist_std,0.020860025522554518,0.016445835064175268,0.11227438444226695,0.8098769077135709,0.8351930711204462,0.15304052765892615
d3_5,1944,18,centroid_dist_max,0.0038228133495359644,-0.0011817261493043468,-0.05531529959765735,0.8098769077135709,0.8351930711204462,0.15304052765892615
d3_5,1944,18,centroid_dist_iqr,0.006842302159620419,0.004164594006580237,0.07562328757952118,0.8098769077135709,0.8351930711204462,0.15304052765892615
d3_5,1944,18,mst_edge_mean,0.002267590279791279,0.0004120106075288616,0.051348900602301406,0.8098769077135709,0.8351930711204462,0.15304052765892615
d3_5,1944,18,mst_edge_std,0.004227110574678866,-0.0004884994196781707,-0.006763895863157255,0.8098769077135709,0.8351930711204462,0.15304052765892615
d3_5,1944,18,mst_edge_skew,0.011860419911085638,0.023782185356544774,0.32870322326407586,0.8098769077135709,0.8351930711204462,0.15304052765892615
d3_5,1944,18,mst_edge_kurtosis,0.003732931363265634,-0.0009364527555637591,-0.07678003604609769,0.8098769077135709,0.8351930711204462,0.15304052765892615
d3_5,1944,18,mst_edge_max,0.005048891623484714,-0.000850209929865305,-0.005536098951488139,0.8098769077135709,0.8351930711204462,0.15304052765892615
d3_5,1944,18,mst_edge_q10,0.0025665591280068234,-0.0008764934466546165,-0.06617852898530704,0.8098769077135709,0.8351930711204462,0.15304052765892615
d3_5,1944,18,mst_edge_q25,0.005360231252054004,0.001257010873467211,0.048913654385202184,0.8098769077135709,0.8351930711204462,0.15304052765892615
d3_5,1944,18,mst_edge_q50,0.0033560373154795054,0.0012670264124520823,0.06064114781272295,0.8098769077135709,0.8351930711204462,0.15304052765892615
d3_5,1944,18,mst_edge_q75,0.004759901776444775,0.0007121435038024096,0.04789169482373644,0.8098769077135709,0.8351930711204462,0.15304052765892615
d3_5,1944,18,mst_edge_q90,0.004007681904898278,0.00094442330775716,0.06948236982129423,0.8098769077135709,0.8351930711204462,0.15304052765892615
d3_5,1944,18,mst_dominance_ratio,0.25171408853840027,0.28526597715077523,0.6941109727153489,0.8098769077135709,0.8351930711204462,0.15304052765892615
d3_5,1944,18,mst_gap_ratio,0.018584435087617642,0.023679204688160836,0.3393827169138921,0.8098769077135709,0.8351930711204462,0.15304052765892615
d3_5,1944,18,mst_leaf_ratio,0.01837545801433902,0.019721699186125565,0.28279173866478113,0.8098769077135709,0.8351930711204462,0.15304052765892615
d3_5,1944,18,mst_degree_mean,0.038962264314181656,0.032799796560398095,0.46417181196154067,0.8098769077135709,0.8351930711204462,0.15304052765892615
d3_5,1944,18,mst_degree_std,0.007674107636680522,0.006707028242574861,0.32464323863913863,0.8098769077135709,0.8351930711204462,0.15304052765892615
d3_5,1944,18,mst_degree_max,0.0068175532962347195,0.000910183386002558,0.07560101930846967,0.8098769077135709,0.8351930711204462,0.15304052765892615
d3_5,1944,18,mst_diameter,0.019471666297876087,0.023456868254221757,0.20719023831276817,0.8098769077135709,0.8351930711204462,0.15304052765892615
d3_5,1944,18,mst_diameter_normalized,0.08039474630337984,0.06492832200508902,0.38250778377782607,0.8098769077135709,0.8351930711204462,0.15304052765892615
d3_5,1944,18,large_edge_count,0.021373785819778703,0.016248371722752394,0.37331810386751013,0.8098769077135709,0.8351930711204462,0.15304052765892615
d3_5,1944,18,greedy_nn_over_mst,0.21698309663258758,0.3795236461961933,0.7754748648713345,0.8098769077135709,0.8351930711204462,0.15304052765892615
d6_10,3240,30,n_customers,0.10808611025207246,0.1161012379500536,0.6057216619121057,0.8530925564225853,0.891472598328496,0.1078925302922542
d6_10,3240,30,dimension,0.01718899335057323,-0.01609127157734879,-0.3500195858873514,0.8530925564225853,0.891472598328496,0.1078925302922542
d6_10,3240,30,log_bounding_hypervolume,0.05377167926802628,0.002488187406901019,0.03270468620238748,0.8530925564225853,0.891472598328496,0.1078925302922542
d6_10,3240,30,bounding_hypervolume,0.0259255329559058,0.003908987280654156,0.13132741472835444,0.8530925564225853,0.891472598328496,0.1078925302922542
d6_10,3240,30,log_node_density,0.003593703488994809,0.0006723791470877666,0.07500110010424198,0.8530925564225853,0.891472598328496,0.1078925302922542
d6_10,3240,30,node_density,0.003001002279193829,0.004296832534638675,0.32531143341865226,0.8530925564225853,0.891472598328496,0.1078925302922542
d6_10,3240,30,aspect_ratio,0.004942798334219017,0.005653959051272899,0.19267397880455095,0.8530925564225853,0.891472598328496,0.1078925302922542
d6_10,3240,30,centroid_dist_mean,0.008987175839779279,-0.0018260037130360233,-0.02582464702042062,0.8530925564225853,0.891472598328496,0.1078925302922542
d6_10,3240,30,centroid_dist_std,0.025307677400533104,0.018458893767455832,0.13896276317376008,0.8530925564225853,0.891472598328496,0.1078925302922542
d6_10,3240,30,centroid_dist_max,0.0032375247799087013,0.0009036493070956698,0.04849623209889816,0.8530925564225853,0.891472598328496,0.1078925302922542
d6_10,3240,30,centroid_dist_iqr,0.007064492707585855,0.0038731532416734424,0.1001074072953179,0.8530925564225853,0.891472598328496,0.1078925302922542
d6_10,3240,30,mst_edge_mean,0.0036860694336651578,0.00019838932113194283,0.014251180255281467,0.8530925564225853,0.891472598328496,0.1078925302922542
d6_10,3240,30,mst_edge_std,0.005924607886995236,-0.00010924450566865026,-0.0005881643208523787,0.8530925564225853,0.891472598328496,0.1078925302922542
d6_10,3240,30,mst_edge_skew,0.009821116148987947,0.011560865429668507,0.23131662523633703,0.8530925564225853,0.891472598328496,0.1078925302922542
d6_10,3240,30,mst_edge_kurtosis,0.005101164407764561,0.0005837988569477674,-0.0014583595603408434,0.8530925564225853,0.891472598328496,0.1078925302922542
d6_10,3240,30,mst_edge_max,0.005220882096951483,-0.0009685954076419015,-0.03181901025727416,0.8530925564225853,0.891472598328496,0.1078925302922542
d6_10,3240,30,mst_edge_q10,0.0026534885412404377,0.0003421255224919083,0.02569782238637033,0.8530925564225853,0.891472598328496,0.1078925302922542
d6_10,3240,30,mst_edge_q25,0.005564717368794947,0.0006927410828443756,0.026777987736060868,0.8530925564225853,0.891472598328496,0.1078925302922542
d6_10,3240,30,mst_edge_q50,0.0036194046666747377,0.00030775484577896865,0.014434524342209824,0.8530925564225853,0.891472598328496,0.1078925302922542
d6_10,3240,30,mst_edge_q75,0.0046419704290489435,-0.0013082380504222688,-0.039930995812274876,0.8530925564225853,0.891472598328496,0.1078925302922542
d6_10,3240,30,mst_edge_q90,0.00390564106506944,-0.0009090358216661771,-0.03215258870021735,0.8530925564225853,0.891472598328496,0.1078925302922542
d6_10,3240,30,mst_dominance_ratio,0.3248391881374731,0.2979132223537336,0.7131275997541928,0.8530925564225853,0.891472598328496,0.1078925302922542
d6_10,3240,30,mst_gap_ratio,0.012730485312801545,0.01348489118757154,0.2524262379285435,0.8530925564225853,0.891472598328496,0.1078925302922542
d6_10,3240,30,mst_leaf_ratio,0.015809755607553235,0.028815354141071427,0.3521982472559611,0.8530925564225853,0.891472598328496,0.1078925302922542
d6_10,3240,30,mst_degree_mean,0.04854334902812937,0.04378078285319132,0.5979648785746832,0.8530925564225853,0.891472598328496,0.1078925302922542
d6_10,3240,30,mst_degree_std,0.00944074321097207,0.012331958808293648,0.29919575417479305,0.8530925564225853,0.891472598328496,0.1078925302922542
d6_10,3240,30,mst_degree_max,0.007754440759145362,0.001128535934680944,0.060938969597870436,0.8530925564225853,0.891472598328496,0.1078925302922542
d6_10,3240,30,mst_diameter,0.019592975364044626,0.012173521454151988,0.12172123252350693,0.8530925564225853,0.891472598328496,0.1078925302922542
d6_10,3240,30,mst_diameter_normalized,0.10338765712775111,0.05774337528417011,0.3451846036238881,0.8530925564225853,0.891472598328496,0.1078925302922542
d6_10,3240,30,large_edge_count,0.022257926674756442,0.016521580135003284,0.495091337443299,0.8530925564225853,0.891472598328496,0.1078925302922542
d6_10,3240,30,greedy_nn_over_mst,0.12439772607538796,0.3672762121782195,0.771567010978373,0.8530925564225853,0.891472598328496,0.1078925302922542
d15_25,1944,18,n_customers,0.10235349344260786,0.14139891265010188,0.7299347335457761,0.8907303013433856,0.9284078160916457,0.0776177488224672
d15_25,1944,18,dimension,0.035821871144214194,-0.008815924693504519,-0.07700585150803574,0.8907303013433856,0.9284078160916457,0.0776177488224672
d15_25,1944,18,log_bounding_hypervolume,0.04426490036362158,0.013866203465217272,0.08834793514339605,0.8907303013433856,0.9284078160916457,0.0776177488224672
d15_25,1944,18,bounding_hypervolume,0.02301146037605747,0.006568529586325696,0.08613866580355557,0.8907303013433856,0.9284078160916457,0.0776177488224672
d15_25,1944,18,log_node_density,0.0023069290377629105,0.0013060235402799793,0.11260775964391673,0.8907303013433856,0.9284078160916457,0.0776177488224672
d15_25,1944,18,node_density,0.0036765767266138073,-0.004630301163741655,-0.398898545134705,0.8907303013433856,0.9284078160916457,0.0776177488224672
d15_25,1944,18,aspect_ratio,0.0052440357018476765,0.005325631308643893,0.11363744098102661,0.8907303013433856,0.9284078160916457,0.0776177488224672
d15_25,1944,18,centroid_dist_mean,0.005706183406313675,0.00037829686700089276,0.020753812408863835,0.8907303013433856,0.9284078160916457,0.0776177488224672
d15_25,1944,18,centroid_dist_std,0.02228210529228637,0.010324910434145422,0.0903603499611992,0.8907303013433856,0.9284078160916457,0.0776177488224672
d15_25,1944,18,centroid_dist_max,0.002101669324676648,0.0008891692291042574,0.06567863984898908,0.8907303013433856,0.9284078160916457,0.0776177488224672
d15_25,1944,18,centroid_dist_iqr,0.005178306090258278,0.0019570568476862207,0.0642703923565599,0.8907303013433856,0.9284078160916457,0.0776177488224672
d15_25,1944,18,mst_edge_mean,0.0034276416086173917,-0.0008349096549929262,-0.04038517621076458,0.8907303013433856,0.9284078160916457,0.0776177488224672
d15_25,1944,18,mst_edge_std,0.00689942068344102,0.00048062906959589214,0.008562722605124168,0.8907303013433856,0.9284078160916457,0.0776177488224672
d15_25,1944,18,mst_edge_skew,0.0060626164608794325,0.0020117592531004817,0.10253220337584591,0.8907303013433856,0.9284078160916457,0.0776177488224672
d15_25,1944,18,mst_edge_kurtosis,0.005158386052967838,0.002986889745046532,0.11186294910571921,0.8907303013433856,0.9284078160916457,0.0776177488224672
d15_25,1944,18,mst_edge_max,0.004247347719416287,-0.001058358908215771,-0.060972819294929585,0.8907303013433856,0.9284078160916457,0.0776177488224672
d15_25,1944,18,mst_edge_q10,0.0019440580491767512,-0.0005274661324687809,-0.05980889586612044,0.8907303013433856,0.9284078160916457,0.0776177488224672
d15_25,1944,18,mst_edge_q25,0.0041694009629401705,-0.0003874338966174947,-0.02382387186484531,0.8907303013433856,0.9284078160916457,0.0776177488224672
d15_25,1944,18,mst_edge_q50,0.0024811095319280177,-0.0001993541752773202,-0.017522803830768752,0.8907303013433856,0.9284078160916457,0.0776177488224672
d15_25,1944,18,mst_edge_q75,0.003423514487246645,-0.0013416269572119575,-0.06176171844323557,0.8907303013433856,0.9284078160916457,0.0776177488224672
d15_25,1944,18,mst_edge_q90,0.003454803580989926,-0.0015867340791504603,-0.08478383889312212,0.8907303013433856,0.9284078160916457,0.0776177488224672
d15_25,1944,18,mst_dominance_ratio,0.31471315076948103,0.3016090250313485,0.7820844103491144,0.8907303013433856,0.9284078160916457,0.0776177488224672
d15_25,1944,18,mst_gap_ratio,0.013699565075045862,0.00789583767502869,0.1797330674290828,0.8907303013433856,0.9284078160916457,0.0776177488224672
d15_25,1944,18,mst_leaf_ratio,0.016772553958436465,0.02828400703264438,0.3429473176015156,0.8907303013433856,0.9284078160916457,0.0776177488224672
d15_25,1944,18,mst_degree_mean,0.045963914483610674,0.05145488211912847,0.727422511287045,0.8907303013433856,0.9284078160916457,0.0776177488224672
d15_25,1944,18,mst_degree_std,0.010120137024230189,0.01453499186899361,0.25918838860277166,0.8907303013433856,0.9284078160916457,0.0776177488224672
d15_25,1944,18,mst_degree_max,0.005976777526502132,0.0020465054683448045,0.11342123396615345,0.8907303013433856,0.9284078160916457,0.0776177488224672
d15_25,1944,18,mst_diameter,0.01486506888293347,0.005445511833207318,0.05786617288901578,0.8907303013433856,0.9284078160916457,0.0776177488224672
d15_25,1944,18,mst_diameter_normalized,0.09562924945366799,0.054962267625991705,0.316794555339566,0.8907303013433856,0.9284078160916457,0.0776177488224672
d15_25,1944,18,large_edge_count,0.01899548982961603,0.01668367074805054,0.47182201786113687,0.8907303013433856,0.9284078160916457,0.0776177488224672
d15_25,1944,18,greedy_nn_over_mst,0.17004826295261216,0.34897139826219464,0.8343809008658024,0.8907303013433856,0.9284078160916457,0.0776177488224672
d30_50,3240,30,n_customers,0.08392742594533581,0.14452478168358324,0.7254187313636706,0.8275698861704193,0.9583320227604553,0.07197525668856883
d30_50,3240,30,dimension,0.06318272863047913,-0.004188057295996124,-0.10495850720796794,0.8275698861704193,0.9583320227604553,0.07197525668856883
d30_50,3240,30,log_bounding_hypervolume,0.05073877395317642,0.03240531047511108,0.2692696245068413,0.8275698861704193,0.9583320227604553,0.07197525668856883
d30_50,3240,30,bounding_hypervolume,0.02676513627061436,0.017581214227796904,0.27003742845359996,0.8275698861704193,0.9583320227604553,0.07197525668856883
d30_50,3240,30,log_node_density,0.002323471421674446,0.002167985297301132,0.19225755186021828,0.8275698861704193,0.9583320227604553,0.07197525668856883
d30_50,3240,30,node_density,0.0034452719751029205,-0.004791463774216767,-0.47447523828789484,0.8275698861704193,0.9583320227604553,0.07197525668856883
d30_50,3240,30,aspect_ratio,0.003833442956590552,-0.001126623596968603,-0.02665216746163854,0.8275698861704193,0.9583320227604553,0.07197525668856883
d30_50,3240,30,centroid_dist_mean,0.004198333498256038,0.0008266640465447621,0.03665310868142754,0.8275698861704193,0.9583320227604553,0.07197525668856883
d30_50,3240,30,centroid_dist_std,0.016411342980144617,0.0073553330437604965,0.08226455130442871,0.8275698861704193,0.9583320227604553,0.07197525668856883
d30_50,3240,30,centroid_dist_max,0.001706818766350595,0.00068882056809444,0.05205491226225508,0.8275698861704193,0.9583320227604553,0.07197525668856883
d30_50,3240,30,centroid_dist_iqr,0.0033829692472694475,0.00023869226365103765,0.023724137478828924,0.8275698861704193,0.9583320227604553,0.07197525668856883
d30_50,3240,30,mst_edge_mean,0.0024180308071894137,-0.0008508539941261914,-0.05923627411419467,0.8275698861704193,0.9583320227604553,0.07197525668856883
d30_50,3240,30,mst_edge_std,0.005110136134688139,-0.00028833867735216336,0.0051994655482935186,0.8275698861704193,0.9583320227604553,0.07197525668856883
d30_50,3240,30,mst_edge_skew,0.004401799577411821,0.0008701613611241626,0.0607173148828127,0.8275698861704193,0.9583320227604553,0.07197525668856883
d30_50,3240,30,mst_edge_kurtosis,0.004167070681752227,0.0016459204497942686,0.0980186670069334,0.8275698861704193,0.9583320227604553,0.07197525668856883
d30_50,3240,30,mst_edge_max,0.0034701649921529605,-0.0017453299954819533,-0.09609822769206745,0.8275698861704193,0.9583320227604553,0.07197525668856883
d30_50,3240,30,mst_edge_q10,0.0017138137893803627,-0.0007679805642610417,-0.08399266705064924,0.8275698861704193,0.9583320227604553,0.07197525668856883
d30_50,3240,30,mst_edge_q25,0.0034917218880158567,-0.001294168178074584,-0.06828544093896878,0.8275698861704193,0.9583320227604553,0.07197525668856883
d30_50,3240,30,mst_edge_q50,0.002121090526843046,-0.000591559618399431,-0.05373669326063546,0.8275698861704193,0.9583320227604553,0.07197525668856883
d30_50,3240,30,mst_edge_q75,0.0027173923102794106,-0.0015796507326343086,-0.09049523717083748,0.8275698861704193,0.9583320227604553,0.07197525668856883
d30_50,3240,30,mst_edge_q90,0.0026576470585471905,-0.002315551811218349,-0.13475120212525182,0.8275698861704193,0.9583320227604553,0.07197525668856883
d30_50,3240,30,mst_dominance_ratio,0.26896484738207627,0.2746746993012677,0.7976987041254308,0.8275698861704193,0.9583320227604553,0.07197525668856883
d30_50,3240,30,mst_gap_ratio,0.017613393024983246,0.006191551726913989,0.25290111112055713,0.8275698861704193,0.9583320227604553,0.07197525668856883
d30_50,3240,30,mst_leaf_ratio,0.016100936580767375,0.021811041882918145,0.27738462077857434,0.8275698861704193,0.9583320227604553,0.07197525668856883
d30_50,3240,30,mst_degree_mean,0.03811521695603211,0.05405573408690441,0.762190826488688,0.8275698861704193,0.9583320227604553,0.07197525668856883
d30_50,3240,30,mst_degree_std,0.012017345161612143,0.0148737479413832,0.2137064448310659,0.8275698861704193,0.9583320227604553,0.07197525668856883
d30_50,3240,30,mst_degree_max,0.004771662333025793,0.0005064777876335604,0.027208585070805143,0.8275698861704193,0.9583320227604553,0.07197525668856883
d30_50,3240,30,mst_diameter,0.011652611580313,0.001570568226087776,0.012416231063413089,0.8275698861704193,0.9583320227604553,0.07197525668856883
d30_50,3240,30,mst_diameter_normalized,0.08237528544819141,0.06547638066164704,0.46507771355187066,0.8275698861704193,0.9583320227604553,0.07197525668856883
d30_50,3240,30,large_edge_count,0.01495745102841951,0.014509214288573503,0.4491389191944138,0.8275698861704193,0.9583320227604553,0.07197525668856883
d30_50,3240,30,greedy_nn_over_mst,0.2412466670933244,0.3575652789186387,0.8272499674217888,0.8275698861704193,0.9583320227604553,0.07197525668856883
d100,5904,6,n_customers,0.07327127489331342,0.149709364210057,0.7749845818159534,0.814811319566984,0.9743814569081106,0.05552503735419184
d100,5904,6,dimension,0.06868399391219682,0.0016750091485388115,0.14408834899050327,0.814811319566984,0.9743814569081106,0.05552503735419184
d100,5904,6,log_bounding_hypervolume,0.04458971498579079,0.035752462891724256,0.09997745777826093,0.814811319566984,0.9743814569081106,0.05552503735419184
d100,5904,6,bounding_hypervolume,0.02254646402943468,0.01976169276055274,0.11038875492522757,0.814811319566984,0.9743814569081106,0.05552503735419184
d100,5904,6,log_node_density,0.002212320252573371,0.003112505941796879,0.2000088447173513,0.814811319566984,0.9743814569081106,0.05552503735419184
d100,5904,6,node_density,0.003015960330629377,-0.003963448900357991,-0.36177364825089464,0.814811319566984,0.9743814569081106,0.05552503735419184
d100,5904,6,aspect_ratio,0.006591551095384618,0.0035866364336516686,0.1823467694797417,0.814811319566984,0.9743814569081106,0.05552503735419184
d100,5904,6,centroid_dist_mean,0.0034908520294338313,0.00012403710268353699,0.03167814273755397,0.814811319566984,0.9743814569081106,0.05552503735419184
d100,5904,6,centroid_dist_std,0.013598043265459436,-0.0011526609894666534,0.023178060747334046,0.814811319566984,0.9743814569081106,0.05552503735419184
d100,5904,6,centroid_dist_max,0.0017579935303809074,0.0008226219242038468,0.09524370917007373,0.814811319566984,0.9743814569081106,0.05552503735419184
d100,5904,6,centroid_dist_iqr,0.0022611445941408863,-0.00012753137855962127,0.01514865854225763,0.814811319566984,0.9743814569081106,0.05552503735419184
d100,5904,6,mst_edge_mean,0.0023856728781568794,-0.00046352837543929543,-0.06868377863017329,0.814811319566984,0.9743814569081106,0.05552503735419184
d100,5904,6,mst_edge_std,0.003867262096541939,-0.0015389126009339425,0.009978520519806565,0.814811319566984,0.9743814569081106,0.05552503735419184
d100,5904,6,mst_edge_skew,0.003916301368111711,0.0010331437108156893,0.07363448129629456,0.814811319566984,0.9743814569081106,0.05552503735419184
d100,5904,6,mst_edge_kurtosis,0.003512651348491676,0.0018707923724620914,0.03223287744426846,0.814811319566984,0.9743814569081106,0.05552503735419184
d100,5904,6,mst_edge_max,0.003581429047545025,-0.0005791486902991986,-0.05292633604797425,0.814811319566984,0.9743814569081106,0.05552503735419184
d100,5904,6,mst_edge_q10,0.0027551344397658173,6.949619836806675e-05,-0.02199957250826995,0.814811319566984,0.9743814569081106,0.05552503735419184
d100,5904,6,mst_edge_q25,0.00348199236803626,-6.447515516743587e-05,-0.03075758584071176,0.814811319566984,0.9743814569081106,0.05552503735419184
d100,5904,6,mst_edge_q50,0.0022259848630309725,0.00018633955120627438,-0.023077668640077938,0.814811319566984,0.9743814569081106,0.05552503735419184
d100,5904,6,mst_edge_q75,0.0029850075092408093,-0.0014099972471638374,-0.11519848517734817,0.814811319566984,0.9743814569081106,0.05552503735419184
d100,5904,6,mst_edge_q90,0.002810397733045545,-0.0013612367947692836,-0.09213982006285056,0.814811319566984,0.9743814569081106,0.05552503735419184
d100,5904,6,mst_dominance_ratio,0.24236100972124386,0.2749959363632568,0.8276438854424686,0.814811319566984,0.9743814569081106,0.05552503735419184
d100,5904,6,mst_gap_ratio,0.020770523621899427,0.006079185418359737,0.37416880821685117,0.814811319566984,0.9743814569081106,0.05552503735419184
d100,5904,6,mst_leaf_ratio,0.016118697371760235,0.011862403603089463,0.20489896980601227,0.814811319566984,0.9743814569081106,0.05552503735419184
d100,5904,6,mst_degree_mean,0.033240508071212496,0.0545873873247661,0.8111836577309709,0.814811319566984,0.9743814569081106,0.05552503735419184
d100,5904,6,mst_degree_std,0.01371034142411904,0.0073961132938469756,0.17737162815289734,0.814811319566984,0.9743814569081106,0.05552503735419184
d100,5904,6,mst_degree_max,0.005067865716020833,0.0013963552594707376,0.06336479642839798,0.814811319566984,0.9743814569081106,0.05552503735419184
d100,5904,6,mst_diameter,0.010945811336904464,0.0032018665573179464,0.020878238609928997,0.814811319566984,0.9743814569081106,0.05552503735419184
d100,5904,6,mst_diameter_normalized,0.07378143772850512,0.06468412152732136,0.3953401856039757,0.814811319566984,0.9743814569081106,0.05552503735419184
d100,5904,6,large_edge_count,0.013523269650630622,0.01413908113183121,0.4632883249372914,0.814811319566984,0.9743814569081106,0.05552503735419184
d100,5904,6,greedy_nn_over_mst,0.2969393887869992,0.3546143874068359,0.8602747567568106,0.814811319566984,0.9743814569081106,0.05552503735419184
