table,bucket,bucket_slug,bucket_count,model,display,N,spearman_rho,kendall_tau,pair_mode,pair_seed,pair_draws,pair_universe,close5_pairs,close5_pct,close10_pairs,close10_pct
rank,2D,2d,2580,GART_2.0,GART 2.0,2580,0.9994411043331177,0.9827311228737777,exhaustive,n/a,n/a,2580,74826,74.47945901157351,152306,83.56335272412117
rank,2D,2d,2580,GART,GART 1.0,2580,0.9985134067024025,0.9712892744318302,exhaustive,n/a,n/a,2580,74826,69.13773287360009,152306,76.7113573989206
rank,2D,2d,2580,MST_Ratio,Fixed MST scaling,2580,0.9961004734465042,0.9615216522238353,exhaustive,n/a,n/a,2580,74826,71.04348755780077,152306,77.75990440297822
rank,2D,2d,2580,Hilbert,Custom Hilbert sort,2580,0.9972126328504383,0.9598269866031844,exhaustive,n/a,n/a,2580,74826,64.20762836447224,152306,72.06150775412657
rank,2D,2d,2580,Linear_V3,Linear (28-feature block),2580,0.9986709882388152,0.9738694464232577,exhaustive,n/a,n/a,2580,74826,68.4280864939994,152306,78.49198324425826
rank,2D,2d,2580,NN_V3,Neural net (30-feature block),2580,0.9994246361789926,0.98204399878566,exhaustive,n/a,n/a,2580,74826,73.16440809344346,152306,82.48985594789437
rank,2D,2d,2580,BHH,BHH,2580,0.9739083046428377,0.8868168961588981,exhaustive,n/a,n/a,2580,74826,58.90599524229546,152306,65.70785129935787
rank,2D,2d,2580,Cavdar,Cavdar--Sokol,2580,0.9787639512064275,0.8984757627949058,exhaustive,n/a,n/a,2580,74826,58.82313634298239,152306,65.55552637453548
rank,2D,2d,2580,Calibrated_MST_d,Calibrated MST ratio $\hat\rho(d)$,2580,0.9961004734465042,0.9615216522238353,exhaustive,n/a,n/a,2580,74826,71.04348755780077,152306,77.75990440297822
rank,2D,2d,2580,Calibrated_MST_dn,"Calibrated MST ratio $\hat\rho(d,n)$",2580,0.9978893735046498,0.9664451397843645,exhaustive,n/a,n/a,2580,74826,68.86376393232298,152306,76.06594618728086
rank,2D,2d,2580,MST_Only,$L_{\mathrm{MST}}$ ($\alpha=1$),2580,0.9961004734465042,0.9615216522238353,exhaustive,n/a,n/a,2580,74826,71.04348755780077,152306,77.75990440297822
rank,2D,2d,2580,Asymptotic_MST,Asymptotic MST ratio,2580,0.9961004734465042,0.9615216522238353,exhaustive,n/a,n/a,2580,74826,71.04348755780077,152306,77.75990440297822
rank,2D,2d,2580,BHH_region,BHH (sampling region),2580,0.9723937092034576,0.8738511758000816,exhaustive,n/a,n/a,2580,74826,45.069895490872156,152306,49.28499205546728
rank,2D,2d,2580,LGBM_V4,GART 2.0 (32-feature variant),2580,0.9995472312728962,0.9841197988523886,exhaustive,n/a,n/a,2580,74826,75.01937829096838,152306,84.27639094979843
rank,2D,2d,2580,Interp_V3,Interpretable (same features),2580,0.9993561013227082,0.9815744940500344,exhaustive,n/a,n/a,2580,74826,73.33547162750915,152306,82.90874949115596
rank,Multidimensional,nd,16846,GART_2.0,GART 2.0,16846,0.9999932656402108,0.9982077793961022,exhaustive,n/a,n/a,16846,1647719,92.41144879679119,3262149,96.10569596912956
rank,Multidimensional,nd,16846,MST_Ratio,Fixed MST scaling,16846,0.9996309098254244,0.986535221180384,exhaustive,n/a,n/a,16846,1647719,71.74609262865816,3262149,77.56019115006703
rank,Multidimensional,nd,16846,Hilbert,Custom Hilbert sort,16846,0.9989070358046057,0.9725996750307716,exhaustive,n/a,n/a,16846,1647719,58.53461664276494,3262149,64.30770023073747
rank,Multidimensional,nd,16846,Linear_V3,Linear (28-feature block),16846,0.9998729615027271,0.9919105156917621,exhaustive,n/a,n/a,16846,1647719,74.29804475156261,3262149,83.26063585691517
rank,Multidimensional,nd,16846,NN_V3,Neural net (30-feature block),16846,0.999969089603686,0.9963359875522106,exhaustive,n/a,n/a,16846,1647719,86.01976429233382,3262149,92.0449065937822
rank,Multidimensional,nd,16846,BHH,BHH,16846,0.9957559668972742,0.9481080915740222,exhaustive,n/a,n/a,16846,1647719,54.15620017733607,3262149,58.14099846450913
rank,Multidimensional,nd,16846,Calibrated_MST_d,Calibrated MST ratio $\hat\rho(d)$,16846,0.9996155322909868,0.9862584203938903,exhaustive,n/a,n/a,16846,1647719,72.52177100585719,3262149,77.54452662953165
rank,Multidimensional,nd,16846,Calibrated_MST_dn,"Calibrated MST ratio $\hat\rho(d,n)$",16846,0.9999418272547995,0.994772712223774,exhaustive,n/a,n/a,16846,1647719,81.71897028558874,3262149,89.03857549118695
rank,Multidimensional,nd,16846,MST_Only,$L_{\mathrm{MST}}$ ($\alpha=1$),16846,0.9996001493874471,0.9856254095822125,exhaustive,n/a,n/a,16846,1647719,69.05073013056231,3262149,75.86305837041778
rank,Multidimensional,nd,16846,Asymptotic_MST,Asymptotic MST ratio,647,0.9968714150338317,0.9668965121231118,exhaustive,n/a,n/a,16846,3156,69.26489226869454,6528,75.9344362745098
rank,Multidimensional,nd,16846,BHH_region,BHH (sampling region),16846,0.998489977826226,0.9727428689478785,exhaustive,n/a,n/a,16846,1647719,52.442497780264716,3262149,62.98715969135683
rank,Multidimensional,nd,16846,LGBM_V4,GART 2.0 (32-feature variant),16846,0.9999937425389487,0.9982442877241063,exhaustive,n/a,n/a,16846,1647719,92.54490601856263,3262149,96.18490755633786
rank,Multidimensional,nd,16846,Interp_V3,Interpretable (same features),16846,0.9998849940239546,0.9927718021233116,exhaustive,n/a,n/a,16846,1647719,76.99492449865542,3262149,85.00509939919974
rank,TSPLIB EUC\_2D,tsplib_euc2d,78,GART_2.0,GART 2.0,78,0.9992918384379978,0.9866755496335775,exhaustive,n/a,n/a,78,54,72.22222222222221,105,80.95238095238095
rank,TSPLIB EUC\_2D,tsplib_euc2d,78,GART_1.0,GART 1.0,78,0.9982043046106375,0.9773484343770819,exhaustive,n/a,n/a,78,54,70.37037037037037,105,72.38095238095238
rank,TSPLIB EUC\_2D,tsplib_euc2d,78,MST_Ratio,Fixed MST scaling,78,0.9985836768759958,0.9793471019320452,exhaustive,n/a,n/a,78,54,61.111111111111114,105,73.33333333333333
rank,TSPLIB EUC\_2D,tsplib_euc2d,78,Hilbert,Custom Hilbert sort,78,0.9975720175017072,0.9720186542305129,exhaustive,n/a,n/a,78,54,59.25925925925925,105,69.52380952380952
rank,TSPLIB EUC\_2D,tsplib_euc2d,78,Linear_V3,Linear (28-feature block),78,0.9928172184425504,0.9540306462358427,exhaustive,n/a,n/a,78,54,66.66666666666666,105,66.66666666666666
rank,TSPLIB EUC\_2D,tsplib_euc2d,78,NN_V3,Neural net (30-feature block),78,0.9994688788284984,0.989340439706862,exhaustive,n/a,n/a,78,54,77.77777777777779,105,85.71428571428571
rank,TSPLIB EUC\_2D,tsplib_euc2d,78,Linear_31F,Linear (GART 2.0 features),78,0.9964339007056323,0.9633577614923384,exhaustive,n/a,n/a,78,54,57.407407407407405,105,66.66666666666666
rank,TSPLIB EUC\_2D,tsplib_euc2d,78,NN_31F,Neural net (GART 2.0 features),78,0.9996206277346418,0.9920053297801464,exhaustive,n/a,n/a,78,54,83.33333333333334,105,88.57142857142857
rank,TSPLIB EUC\_2D,tsplib_euc2d,78,BHH,BHH,78,0.9758213409545006,0.9100599600266488,exhaustive,n/a,n/a,78,54,66.66666666666666,105,69.52380952380952
rank,TSPLIB EUC\_2D,tsplib_euc2d,78,Cavdar,Cavdar--Sokol,78,0.981107261185159,0.9127248500999333,exhaustive,n/a,n/a,78,54,64.81481481481481,105,62.857142857142854
rank,TSPLIB EUC\_2D,tsplib_euc2d,78,Calibrated_MST_d,Calibrated MST ratio $\hat\rho(d)$,78,0.9985836768759958,0.9793471019320452,exhaustive,n/a,n/a,78,54,61.111111111111114,105,73.33333333333333
rank,TSPLIB EUC\_2D,tsplib_euc2d,78,Calibrated_MST_dn,"Calibrated MST ratio $\hat\rho(d,n)$",78,0.9985836768759958,0.9806795469686875,exhaustive,n/a,n/a,78,54,61.111111111111114,105,73.33333333333333
rank,TSPLIB EUC\_2D,tsplib_euc2d,78,MST_Only,$L_{\mathrm{MST}}$ ($\alpha=1$),78,0.9985836768759958,0.9793471019320452,exhaustive,n/a,n/a,78,54,61.111111111111114,105,73.33333333333333
rank,TSPLIB EUC\_2D,tsplib_euc2d,78,Asymptotic_MST,Asymptotic MST ratio,78,0.9985836768759958,0.9793471019320452,exhaustive,n/a,n/a,78,54,61.111111111111114,105,73.33333333333333
rank,TSPLIB EUC\_2D,tsplib_euc2d,78,Fixed_Alpha,Fixed $\alpha=1.136$,78,0.9985836768759958,0.9793471019320452,exhaustive,n/a,n/a,78,54,61.111111111111114,105,73.33333333333333
rank,TSPLIB EUC\_2D,tsplib_euc2d,78,LGBM_V4,GART 2.0 (32-feature variant),78,0.9993171299223552,0.9886742171885409,exhaustive,n/a,n/a,78,54,81.48148148148148,105,83.80952380952381
rank,TSPLIB EUC\_2D,tsplib_euc2d,78,Interp_V3,Interpretable (same features),78,0.9840663648549534,0.9180546302465022,exhaustive,n/a,n/a,78,54,57.407407407407405,105,66.66666666666666
