instance,n,edge_weight_type,mode,feature_dim,mds_natural_dim,mds_variance_retained,mds_negative_mass,mds_strain,in_training_n_range,in_training_dim_range,extrapolated,true_cost,pred_cost,alpha,mst_length,gap_pct,abs_gap_pct,parse_time_s,prep_time_s,feature_time_s,inference_time_s,total_est_time_s
a280,280,EUC_2D,native,2,2,1.0,0.0,0.0,True,True,False,2579.0,2788.382295398808,1.1397123363811306,2446.5667400360107,8.11873964322636,8.11873964322636,0.0005411000456660986,0.0,0.6981970998458564,0.004434600006788969,0.702687099808827
d198,198,EUC_2D,native,2,2,1.0,0.0,0.0,True,True,False,15780.0,15080.98403067599,1.2816214716216308,11767.112493515015,-4.429758994448728,4.429758994448728,0.0003500001039355993,0.0,0.4719094999600202,0.057245800038799644,0.529201400000602
brazil58,58,EXPLICIT,hybrid,26,30,0.9990823640586635,86780323.0757665,0.0010640572947117615,True,True,False,25395.0,20798.618768764813,1.1875424670985961,17514.0,-18.09955200328879,18.09955200328879,0.0005222999025136232,0.005394599866122007,0.6676018999423832,0.058313299901783466,0.7259492999874055
bier127,127,EUC_2D,native,2,2,1.0,0.0,0.0,True,True,False,118282.0,116739.00877063604,1.2324952342135544,94717.61474609375,-1.304502146872698,1.304502146872698,0.0003065001219511032,0.0,0.7197364000603557,0.05871929996646941,0.7785288000013679
bayg29,29,EXPLICIT,hybrid,11,17,0.9991757788347295,2333.3758132435555,0.0005641396322803959,True,True,False,1610.0,1523.6754550331827,1.1551747195096154,1319.0,-5.361772979305419,5.361772979305419,0.0003573999274522066,0.03560770000331104,0.7645922000519931,0.05173359997570515,0.816358899930492
att48,48,ATT,hybrid,6,28,0.9991016933438477,38376.06253878289,0.0002784044023461896,True,True,False,10628.0,10248.106900071294,1.168941131524044,8767.0,-3.5744552119750272,3.5744552119750272,0.0004350000526756048,0.0016598999500274658,1.0027962001040578,0.03584900009445846,1.0386810000054538
berlin52,52,EUC_2D,native,2,2,1.0,0.0,0.0,True,True,False,7542.0,7402.3848657743265,1.2171710862944032,6081.63055229187,-1.851168578966766,1.851168578966766,0.0002796000335365534,0.0,0.7719155999366194,0.029837900074198842,0.8018215000629425
burma14,14,GEO,hybrid,4,9,0.9992805692721276,1515.8963173816119,0.0004528388941450055,True,True,False,3323.0,3242.308231896057,1.382647433644374,2345.0,-2.428280713329615,2.428280713329615,0.0004384000785648823,0.0002414998598396778,0.7308937001507729,0.02663350012153387,0.7575542000122368
ch130,130,EUC_2D,native,2,2,1.0,0.0,0.0,True,True,False,6110.0,6029.868174287262,1.1676619750295893,5164.052870810032,-1.3114865092101102,1.3114865092101102,0.0002693000715225935,0.0,0.744561200030148,0.01329450006596744,0.757907300023362
ch150,150,EUC_2D,native,2,2,1.0,0.0,0.0,True,True,False,6528.0,6748.632439174382,1.1475400984407718,5880.955661892891,3.379786139313449,3.379786139313449,0.0002943999134004116,0.0,0.7222316998522729,0.03216140018776059,0.7544507998973131
brg180,180,EXPLICIT,hybrid,99,115,0.9992600091134225,9464094843.533146,0.004145800568771065,True,False,True,1950.0,5069.740059165738,1.1341700356075477,4470.0,159.98666970080706,159.98666970080706,0.004233399871736765,0.093644900014624,0.7610396000090986,0.07682700012810528,0.8379156000446528
bays29,29,EXPLICIT,hybrid,13,15,0.999376722709205,123950.41580384853,0.0008721835421167525,True,True,False,2020.0,1806.8762084260186,1.1604856829968007,1557.0,-10.550682751187198,10.550682751187198,0.0003635999746620655,0.0010035999584943056,0.9094080999493599,0.08758550020866096,0.9970249999314547
d493,493,EUC_2D,native,2,2,1.0,0.0,0.0,True,True,False,35002.0,34882.314682812634,1.1911508073937644,29284.549417495728,-0.34193850976334583,0.34193850976334583,0.0005149999633431435,0.0,0.35702489991672337,0.07515250006690621,0.4322291000280529
d657,657,EUC_2D,native,2,2,1.0,0.0,0.0,True,True,False,48912.0,49169.72026108498,1.157190361646101,42490.606464385986,0.5269059966572173,0.5269059966572173,0.0006463001482188702,0.0,0.4554057000204921,0.0037679998204112053,0.45921320002526045
dantzig42,42,EXPLICIT,hybrid,18,21,0.9992063388552628,19239.93211830143,0.0006482008691711815,True,True,False,699.0,691.1349996298467,1.1694331635022785,591.0,-1.125178879850261,1.125178879850261,0.000457199988886714,0.0006750999018549919,0.333432300016284,0.07975929998792708,0.4132898000534624
eil101,101,EUC_2D,native,2,2,1.0,0.0,0.0,True,True,False,629.0,643.7787831736227,1.1449897160667957,562.2572623491287,2.3495680721180827,2.3495680721180827,0.000408099964261055,0.0,0.39632229995913804,0.08644110010936856,0.4828141999896616
eil51,51,EUC_2D,native,2,2,1.0,0.0,0.0,True,True,False,426.0,433.27975525432424,1.1508382984839345,376.4905598163605,1.7088627357568646,1.7088627357568646,0.00031070015393197536,0.0,0.42053249990567565,0.06384029984474182,0.48442100011743605
eil76,76,EUC_2D,native,2,2,1.0,0.0,0.0,True,True,False,538.0,543.6487696562688,1.1509918668652774,472.33067870140076,1.0499571851800684,1.0499571851800684,0.0005582999438047409,0.0,0.48549699992872775,0.0763505999930203,0.5619075000286102
fl417,417,EUC_2D,native,2,2,1.0,0.0,0.0,True,True,False,11861.0,13274.565822331428,1.29979698431849,10212.799369812012,11.917762602912298,11.917762602912298,0.0005503001157194376,0.0,0.406688499962911,0.08062479994259775,0.48738230019807816
dsj1000,1000,CEIL_2D,native,2,2,1.0,0.0,0.0,True,True,False,18660188.0,17886900.82983372,1.124590480858381,15905257.188537598,-4.1440481208778825,4.1440481208778825,0.0008007001597434282,0.0,0.6864715998526663,0.003567500039935112,0.6900761001743376
d1291,1291,EUC_2D,native,2,2,1.0,0.0,0.0,False,True,True,50801.0,54978.341114425195,1.1625883049842411,47289.60447883606,8.222950560865328,8.222950560865328,0.0009960001334547997,0.0,1.4235123998951167,0.005927700083702803,1.429495400050655
fri26,26,EXPLICIT,hybrid,10,14,0.999107823348157,1331.5879362893845,0.0006388274107315688,True,True,False,937.0,905.0207302314458,1.2213505131328553,741.0,-3.4129423445628833,3.4129423445628833,0.0003950998652726412,0.0003985001239925623,0.447047800058499,0.08882390009239316,0.5359056999441236
gil262,262,EUC_2D,native,2,2,1.0,0.0,0.0,True,True,False,2378.0,2389.67067753955,1.1362564418134915,2103.108585000038,0.4907770201661089,0.4907770201661089,0.00043610017746686935,0.0,0.4542849001009017,0.08116210019215941,0.5355034999083728
gr137,137,GEO,hybrid,5,71,0.9994660971212987,51760179.65806663,0.00013344475444842372,True,True,False,69853.0,68123.21089675759,1.1559041468865292,58935.0,-2.476327578260645,2.476327578260645,0.0013320001307874918,0.003362199990078807,0.4410213998053223,0.12215539999306202,0.5632178999949247
gr120,120,EXPLICIT,hybrid,48,60,0.9990494643929271,3232726.185452357,0.0004854552674933688,True,True,False,6942.0,6351.303698552997,1.0941091642640821,5805.0,-8.509021916551468,8.509021916551468,0.0015487999189645052,0.002989599946886301,0.44902219995856285,0.12396749993786216,0.5730349000077695
fl1400,1400,EUC_2D,native,2,2,1.0,0.0,0.0,False,True,True,20127.0,21835.83227421265,1.2829873151270577,17019.523121356964,8.490248294393854,8.490248294393854,0.06606129999272525,0.0,1.0905764000490308,0.0033355001360177994,1.0939537999220192
gr17,17,EXPLICIT,hybrid,8,9,0.999499266698973,78895.07649597677,0.0006821136944297633,True,True,False,2085.0,1880.5954823713346,1.323431022076942,1421.0,-9.80357398698635,9.80357398698635,0.0004213000647723675,0.0002608001232147217,0.48570289998315275,0.13234440004453063,0.6180805000476539
d1655,1655,EUC_2D,native,2,2,1.0,0.0,0.0,False,True,True,62128.0,65447.385427641384,1.1492051039975728,56950.134662628174,5.342817131794656,5.342817131794656,0.0012085000053048134,0.0,1.9308688000310212,0.010160299949347973,1.9410911002196372
gr21,21,EXPLICIT,hybrid,10,11,0.9995463272571848,217198.21257966195,0.0006866196809767308,True,True,False,2707.0,2631.52021584607,1.2177326311180334,2161.0,-2.788318587141848,2.788318587141848,0.0003176999744027853,0.0001954999752342701,0.5128754999022931,0.10854380019009113,0.6214950999710709
gr202,202,GEO,hybrid,27,106,0.9990138777767285,2161689.0710622836,0.0001886288925262157,True,True,False,40160.0,37908.31575324734,1.1620119471920836,32623.0,-5.606783482949846,5.606783482949846,0.0020189001224935055,0.0059507000260055065,0.526170999975875,0.10972109995782375,0.6360673999879509
fl1577,1577,EUC_2D,native,2,2,1.0,0.0,0.0,False,True,True,22249.0,22999.24726753781,1.1844116974435033,19418.287844657898,3.3720493844119215,3.3720493844119215,0.0012608999386429787,0.0,1.2017197001259774,0.12161290016956627,1.3233980999793857
gr229,229,GEO,hybrid,9,116,0.9990937341698091,933420981.0777812,0.0004585790583435293,True,True,False,134602.0,128832.77853093874,1.1303401434582305,113977.0,-4.286133541151885,4.286133541151885,0.0023082001134753227,0.10001010005362332,0.633540399838239,0.004043000051751733,0.6376275001093745
gr24,24,EXPLICIT,hybrid,12,13,0.9998868058175218,98217.20827844895,0.00019849022666480054,True,True,False,1272.0,1208.2594578544092,1.1951132125167252,1011.0,-5.011048910816885,5.011048910816885,0.0003583999350667,0.00019699987024068832,0.7026408999226987,0.11721689999103546,0.8198930001817644
gr48,48,EXPLICIT,hybrid,21,25,0.9991435033019744,1058263.0994146408,0.0007615076405591192,True,True,False,5046.0,4567.122517602534,1.1188443208237466,4082.0,-9.490239445054822,9.490239445054822,0.0005917998496443033,0.0005612000823020935,0.6895634999964386,0.07699370011687279,0.7666064000222832
gr96,96,GEO,hybrid,4,48,0.9991449486493502,23200795.568747077,0.000538751457697299,True,True,False,55209.0,56579.94440074452,1.1977379792278524,47239.0,2.4831900609402813,2.4831900609402813,0.0009496000129729509,0.0019054999575018883,0.6527740999590605,0.06725160009227693,0.7200670999009162
hk48,48,EXPLICIT,hybrid,8,24,0.9991217245033149,422577.34054499975,0.00036519661204654407,True,True,False,11461.0,11400.624356847607,1.150996906294559,9905.0,-0.5267921049855381,0.5267921049855381,0.0006516999565064907,0.0006164000369608402,0.6395233999937773,0.06770620006136596,0.707262699957937
kroA100,100,EUC_2D,native,2,2,1.0,0.0,0.0,True,True,False,21282.0,21590.753129516474,1.1501467013286264,18772.17324066162,1.4507712128393646,1.4507712128393646,0.0004353998228907585,0.0,0.6092547001317143,0.07664000010117888,0.6859423001296818
d2103,2103,EUC_2D,native,2,2,1.0,0.0,0.0,False,True,True,80450.0,88422.7317964031,1.1588730078669967,76300.6224117279,9.9101700390343,9.9101700390343,0.0015084999613463879,0.0,2.5570809999480844,0.004655500175431371,2.5617861999198794
kroA150,150,EUC_2D,native,2,2,1.0,0.0,0.0,True,True,False,26524.0,26820.313581798626,1.1385091817828503,23557.397701263428,1.1171526986828,1.1171526986828,0.03352519986219704,0.0,0.5577142001129687,0.08216220000758767,0.6399323001969606
kroA200,200,EUC_2D,native,2,2,1.0,0.0,0.0,True,True,False,29368.0,29368.777857340916,1.132504881589894,25932.58389854431,0.0026486561594795135,0.0026486561594795135,0.00037860008887946606,0.0,0.5907536000013351,0.08312819991260767,0.6739330999553204
kroB150,150,EUC_2D,native,2,2,1.0,0.0,0.0,True,True,False,26130.0,26147.884355904338,1.1466249604640433,22804.216947555542,0.06844376542035212,0.06844376542035212,0.0003800999838858843,0.0,0.5407976000569761,0.04143310012295842,0.5822779000736773
kroB100,100,EUC_2D,native,2,2,1.0,0.0,0.0,True,True,False,22141.0,22223.07548144034,1.1540282626235432,19256.9594707489,0.3706945550803523,0.3706945550803523,0.0003325000870972872,0.0,0.5597815001383424,0.04596080002374947,0.6057895000558347
kroB200,200,EUC_2D,native,2,2,1.0,0.0,0.0,True,True,False,29437.0,29523.921741618127,1.1267100881940073,26203.654383659363,0.29528057077191044,0.29528057077191044,0.00037589995190501213,0.0,0.39011619985103607,0.04229349992237985,0.43248159997165203
kroC100,100,EUC_2D,native,2,2,1.0,0.0,0.0,True,True,False,20749.0,21217.73219724643,1.15299200075315,18402.323852539062,2.2590592184993525,2.2590592184993525,0.00038449978455901146,0.0,0.383818999864161,0.11019959999248385,0.4940750999376178
kroD100,100,EUC_2D,native,2,2,1.0,0.0,0.0,True,True,False,21294.0,21592.903401755033,1.1611138135395629,18596.715627670288,1.4036977634781298,1.4036977634781298,0.0003610001876950264,0.0,0.37046580016613007,0.06871629995293915,0.4392611999064684
kroE100,100,EUC_2D,native,2,2,1.0,0.0,0.0,True,True,False,22068.0,22393.275091345044,1.164836400702406,19224.395011901855,1.4739672437241418,1.4739672437241418,0.0002723999787122011,0.0,0.36563569982536137,0.06720679998397827,0.4329860999714583
att532,532,ATT,hybrid,100,274,0.9985744560518518,1540442.4232053277,0.00015374145873647612,True,False,True,27686.0,26237.153898109234,1.0816322668965344,24257.0,-5.233136248973365,5.233136248973365,0.010809400118887424,2.3694329001009464,0.9522126000374556,0.005192199954763055,0.9576395000331104
lin105,105,EUC_2D,native,2,2,1.0,0.0,0.0,True,True,False,14379.0,15515.313488720745,1.1879622992598824,13060.442657470703,7.902590505047257,7.902590505047257,0.0002592001110315323,0.0,0.35941129992716014,0.07754010008648038,0.43698780005797744
lin318,318,EUC_2D,native,2,2,1.0,0.0,0.0,True,True,False,42029.0,43871.954122711846,1.156995412781936,37918.86608886719,4.384958297156359,4.384958297156359,0.00042789988219738007,0.0,0.362347099930048,0.09047230007126927,0.45285920007154346
linhp318,318,EUC_2D,native,2,2,1.0,0.0,0.0,True,True,False,41345.0,43871.954122711846,1.156995412781936,37918.86608886719,6.111873558379117,6.111873558379117,0.0004048000555485487,0.0,0.37583129992708564,0.08003600011579692,0.45595080009661615
p654,654,EUC_2D,native,2,2,1.0,0.0,0.0,True,True,False,34643.0,38193.620006173034,1.2966156705243244,29456.392417907715,10.249170124334018,10.249170124334018,0.0007750000804662704,0.0,0.4186587000731379,0.1478988998569548,0.5666035998146981
gr431,431,GEO,hybrid,14,218,0.9990765863864074,1943035299.2429354,0.000343984041218255,True,True,False,171414.0,161764.5653845411,1.1173206430804268,144779.0,-5.629315350822503,5.629315350822503,0.005344700068235397,1.218109400011599,0.4168575000949204,0.08306970004923642,0.5000624000094831
ali535,535,GEO,hybrid,31,286,0.9991153432766202,5333781825.992162,0.00038818591743033015,True,True,False,202339.0,190436.54398810279,1.102873894517978,172673.0,-5.882432952568321,5.882432952568321,0.04271020018495619,2.9577019999269396,0.8307437000330538,0.053848099894821644,0.8847594999242574
pcb442,442,EUC_2D,native,2,2,1.0,0.0,0.0,True,True,False,50778.0,53151.44931526239,1.1464346155618723,46362.3904876709,4.674168567612727,4.674168567612727,0.01901350007392466,0.0,0.463713499950245,0.11892489995807409,0.5826941002160311
pr107,107,EUC_2D,native,2,2,1.0,0.0,0.0,True,True,False,44303.0,45028.79991629008,1.29551454295833,34757.4638671875,1.63826358551358,1.63826358551358,0.0004461999051272869,0.0,0.45940489997155964,0.0648746001534164,0.5243494999594986
pcb1173,1173,EUC_2D,native,2,2,1.0,0.0,0.0,False,True,True,56892.0,58344.05459539046,1.133777883450708,51459.86303579807,2.552300139545909,2.552300139545909,0.031263899989426136,0.0,0.8953241999261081,0.004319200059399009,0.8996808000374585
pr124,124,EUC_2D,native,2,2,1.0,0.0,0.0,True,True,False,59030.0,62240.17582818365,1.2316135972005815,50535.47311401367,5.438210788046166,5.438210788046166,0.00040220003575086594,0.0,0.4794459999538958,0.1277993000112474,0.6072901000734419
pr136,136,EUC_2D,native,2,2,1.0,0.0,0.0,True,True,False,96772.0,103845.38169555344,1.1672456277775036,88966.17749023438,7.30932676347853,7.30932676347853,0.00035530002787709236,0.0,0.52259729988873,0.003640900133177638,0.5262757998425514
nrw1379,1379,EUC_2D,native,2,2,1.0,0.0,0.0,False,True,True,56638.0,57984.90136575003,1.114811381017762,52013.19465613365,2.3780877957379016,2.3780877957379016,0.0030255999881774187,0.0,1.3308265001978725,0.004329500021412969,1.3351922000292689
pr144,144,EUC_2D,native,2,2,1.0,0.0,0.0,True,True,False,58537.0,63763.94071582468,1.289086074900399,49464.45544433594,8.929293807036034,8.929293807036034,0.00034270016476511955,0.0,0.4963949001394212,0.12395070004276931,0.6204027999192476
pr152,152,EUC_2D,native,2,2,1.0,0.0,0.0,True,True,False,73682.0,75419.80279625987,1.27466254629717,59168.44659423828,2.358517407589196,2.358517407589196,0.0003723998088389635,0.0,0.46887830016203225,0.06450189999304712,0.533428099937737
pr1002,1002,EUC_2D,native,2,2,1.0,0.0,0.0,False,True,True,259045.0,254897.86529039554,1.1368484292285987,224214.46759033203,-1.6009321583525884,1.6009321583525884,0.0008062999695539474,0.0,1.072195400018245,0.0042866000439971685,1.0765152999665588
pr226,226,EUC_2D,native,2,2,1.0,0.0,0.0,True,True,False,80369.0,86685.23576943722,1.2628975293087337,68639.95989990234,7.859044867345891,7.859044867345891,0.0437803000677377,0.0,0.4652152000926435,0.06368059990927577,0.5289594000205398
pr264,264,EUC_2D,native,2,2,1.0,0.0,0.0,True,True,False,49135.0,50823.02301805602,1.235300258631099,41142.24267578125,3.4354798372972777,3.4354798372972777,0.00044570001773536205,0.0,0.3956800999585539,0.04716110019944608,0.44289690000005066
pr299,299,EUC_2D,native,2,2,1.0,0.0,0.0,True,True,False,48191.0,48488.850820551575,1.1410957478286046,42493.23592066765,0.6180631664658867,0.6180631664658867,0.00046929996460676193,0.0,0.39533279999159276,0.04492560005746782,0.4403051999397576
pr76,76,EUC_2D,native,2,2,1.0,0.0,0.0,True,True,False,108159.0,103119.0101790099,1.1823161144850136,87217.7998046875,-4.659796984985161,4.659796984985161,0.00033199996687471867,0.0,0.3595261999871582,0.09105569985695183,0.4506405000574887
pr439,439,EUC_2D,native,2,2,1.0,0.0,0.0,True,True,False,107217.0,110090.68755594396,1.194121116258898,92193.90399932861,2.6802536500218856,2.6802536500218856,0.0005489001050591469,0.0,0.4978389998432249,0.03849539998918772,0.5363835000898689
rat195,195,EUC_2D,native,2,2,1.0,0.0,0.0,True,True,False,2323.0,2424.5883367641686,1.1200091584607406,2164.793313026428,4.373152680334422,4.373152680334422,0.0003817998804152012,0.0,0.3909872998483479,0.06372099998407066,0.45474949991330504
rat575,575,EUC_2D,native,2,2,1.0,0.0,0.0,True,True,False,6773.0,6910.935450894979,1.1035555075218528,6262.426677942276,2.0365488099066753,2.0365488099066753,0.0006033000536262989,0.0,0.47454730002209544,0.08166140015237033,0.5562447998672724
rat99,99,EUC_2D,native,2,2,1.0,0.0,0.0,True,True,False,1211.0,1269.6354750233147,1.1389621479111394,1114.7301754951477,4.841905451966532,4.841905451966532,0.00041699991561472416,0.0,0.46003850013948977,0.08424409991130233,0.5443296001758426
rd100,100,EUC_2D,native,2,2,1.0,0.0,0.0,True,True,False,7910.0,8039.784418022618,1.154598228567665,6963.274513244629,1.6407638182379065,1.6407638182379065,0.00027199997566640377,0.0,0.460481199901551,0.09001739998348057,0.5505433999933302
rat783,783,EUC_2D,native,2,2,1.0,0.0,0.0,True,True,False,8806.0,8997.338852618801,1.1035277086058313,8153.251415848732,2.172823672709527,2.172823672709527,0.03633700008504093,0.0,0.5381650000344962,0.08665850013494492,0.6248755999840796
rd400,400,EUC_2D,native,2,2,1.0,0.0,0.0,True,True,False,15281.0,15271.773222780628,1.1203097761132386,13631.741459727287,-0.06038071604850335,0.06038071604850335,0.0005720998160541058,0.0,0.4443586999550462,0.04610119992867112,0.49051970010623336
rl1304,1304,EUC_2D,native,2,2,1.0,0.0,0.0,False,True,True,252948.0,256584.73611294798,1.151435191993033,222839.06024169922,1.437740607930477,1.437740607930477,0.0014117998071014881,0.0,0.9620113000273705,0.057949200039729476,1.0200038000475615
pa561,561,EXPLICIT,hybrid,100,270,0.9914221164325029,281731.0762501623,0.001597013063881808,True,False,True,2763.0,2561.353205423243,1.0690121892417541,2396.0,-7.298110552904713,7.298110552904713,0.02917849994264543,2.6195739000104368,0.44153860001824796,0.05068439990282059,0.49246770003810525
si175,175,EXPLICIT,hybrid,100,166,0.9663253976173178,27577.7891439867,0.011388542213369079,True,False,True,21407.0,21818.02286777174,1.0508632534327973,20762.0,1.9200395560879089,1.9200395560879089,0.003772699972614646,0.004334199940785766,0.37941829999908805,0.08026530011557043,0.45990190003067255
rl1323,1323,EUC_2D,native,2,2,1.0,0.0,0.0,False,True,True,270199.0,276502.1039390221,1.1522124241630598,239974.93703460693,2.3327636072014006,2.3327636072014006,0.0011096999514847994,0.0,1.416244399966672,0.009050700115039945,1.425368000054732
gr666,666,GEO,hybrid,61,337,0.9990450440957208,10902665871.311031,0.00032799939751750767,True,False,True,294358.0,277475.8395843417,1.0870705289473563,255251.0,-5.735247696905917,5.735247696905917,0.010524600045755506,4.053523000096902,0.5844429000280797,0.008740500081330538,0.5934753001201898
rl1889,1889,EUC_2D,native,2,2,1.0,0.0,0.0,False,True,True,316536.0,319111.1282034253,1.146819321087022,278257.54444122314,0.8135340698768303,0.8135340698768303,0.0015489999204874039,0.0,1.4910393999889493,0.12900730012916028,1.6201075999997556
pr2392,2392,EUC_2D,native,2,2,1.0,0.0,0.0,False,True,True,378032.0,384522.21763029386,1.1233182647196518,342309.2365779877,1.7168434498386014,1.7168434498386014,0.001766999950632453,0.0,2.7878837999887764,0.006942900130525231,2.7948696000967175
st70,70,EUC_2D,native,2,2,1.0,0.0,0.0,True,True,False,675.0,663.4796445086644,1.1717970869586307,566.2069413661957,-1.7067193320497238,1.7067193320497238,0.0003192001022398472,0.0,0.4864132998045534,0.07362739997915924,0.5600891001522541
swiss42,42,EXPLICIT,hybrid,15,22,0.999047932081632,3758.9208111870844,0.0005466502284216055,True,True,False,1273.0,1248.2697696365744,1.1568765242229606,1079.0,-1.9426732414317016,1.9426732414317016,0.0005452998448163271,0.0006834999658167362,0.5166178999934345,0.08722279989160597,0.6038788999430835
ts225,225,EUC_2D,native,2,2,1.0,0.0,0.0,True,True,False,126643.0,127778.15460070562,1.140876380363443,112000.0,0.8963421592236577,0.8963421592236577,0.0004640000406652689,0.0,0.48979919985868037,0.13692159997299314,0.6267768000252545
tsp225,225,EUC_2D,native,2,2,1.0,0.0,0.0,True,True,False,3916.0,3936.2860109753183,1.119630723812043,3515.7002458572388,0.5180288808814677,0.5180288808814677,0.000492400024086237,0.0,0.47920599998906255,0.09990130015648901,0.5791703001596034
u159,159,EUC_2D,native,2,2,1.0,0.0,0.0,True,True,False,42080.0,43189.12348956417,1.1624179274863442,37154.55729675293,2.635749737557434,2.635749737557434,0.00040440005250275135,0.0,0.5590525998268276,0.1047240998595953,0.6638333001174033
fl3795,3795,EUC_2D,native,2,2,1.0,0.0,0.0,False,True,True,28772.0,29499.66640706674,1.1770714434676117,25061.91664981842,2.529078295101972,2.529078295101972,0.002604000037536025,0.0,6.636436899891123,0.008858199929818511,6.645360399968922
u1060,1060,EUC_2D,native,2,2,1.0,0.0,0.0,False,True,True,224094.0,223032.43724112283,1.141112069722714,195451.8255996704,-0.4737131555852343,0.4737131555852343,0.0009971000254154205,0.0,1.066950200125575,0.10512840002775192,1.1721295998431742
u1432,1432,EUC_2D,native,2,2,1.0,0.0,0.0,False,True,True,152970.0,163961.18344359886,1.1231865555497829,145978.58444213867,7.185188889062467,7.185188889062467,0.0011231000535190105,0.0,1.4025236999150366,0.00435190019197762,1.4069230000022799
u574,574,EUC_2D,native,2,2,1.0,0.0,0.0,True,True,False,36905.0,36729.3846175737,1.1439739649769955,32106.83611869812,-0.4758579662005201,0.4758579662005201,0.0007464999798685312,0.0,0.7415476001333445,0.0038296000566333532,0.7454279998783022
pcb3038,3038,EUC_2D,native,2,2,1.0,0.0,0.0,False,True,True,137694.0,143458.49016061466,1.1259704143405096,127408.75633454323,4.186449780393234,4.186449780393234,0.0020179999992251396,0.0,5.357057099929079,0.008752700174227357,5.365890300134197
u724,724,EUC_2D,native,2,2,1.0,0.0,0.0,True,True,False,41910.0,42611.05767280244,1.1220934612859776,37974.606521606445,1.6727694411893077,1.6727694411893077,0.000871000112965703,0.0,0.5658269000705332,0.06566389999352396,0.6315407999791205
ulysses16,16,GEO,hybrid,2,9,0.9990854225982734,6521.733174271435,0.0005374127011485029,True,True,False,6859.0,6652.469058285659,1.4653015546884711,4540.0,-3.0110940620256708,3.0110940620256708,0.00042509986087679863,0.0001743000466376543,0.3670456998515874,0.07320969994179904,0.4402836998924613
si535,535,EXPLICIT,hybrid,100,510,0.9450792001156894,82278.07317828947,0.0052090017064333844,True,False,True,48450.0,50143.37436463624,1.0544955914501228,47552.0,3.4950967278353806,3.4950967278353806,0.02754719997756183,2.1638130000792444,0.3961151000112295,0.07566690002568066,0.4723292998969555
ulysses22,22,GEO,hybrid,3,12,0.9992890209439202,9582.093407152097,0.0003225876752057089,True,True,False,7013.0,6530.0283641967235,1.401293640385563,4660.0,-6.886805016444838,6.886805016444838,0.0005018000956624746,0.00022709998302161694,0.3534254999831319,0.02809610008262098,0.3815708998590708
u1817,1817,EUC_2D,native,2,2,1.0,0.0,0.0,False,True,True,57201.0,62253.19696203883,1.1338273649717672,54905.35762786865,8.83235775954762,8.83235775954762,0.0014991001226007938,0.0,1.810481899883598,0.06804700009524822,1.8785993000492454
vm1084,1084,EUC_2D,native,2,2,1.0,0.0,0.0,False,True,True,239297.0,237682.52495781344,1.1359544536076134,209235.96382141113,-0.6746741673261933,0.6746741673261933,0.0010161998216062784,0.0,0.7226139998529106,0.006910399999469519,0.7296432999428362
u2152,2152,EUC_2D,native,2,2,1.0,0.0,0.0,False,True,True,64253.0,70213.5523598849,1.1281146486051787,62239.73108291626,9.276691142646873,9.276691142646873,0.0016253001522272825,0.0,2.285132700111717,0.0160842000041157,2.3013224999886006
u2319,2319,EUC_2D,native,2,2,1.0,0.0,0.0,False,True,True,234256.0,260282.3865355162,1.1209405104888726,232200.0,11.110232623931175,11.110232623931175,0.0016252999193966389,0.0,2.182760100113228,0.008093900047242641,2.1909093998838216
vm1748,1748,EUC_2D,native,2,2,1.0,0.0,0.0,False,True,True,336556.0,335235.3730296306,1.1378916585196703,294610.9768180847,-0.39239442184047446,0.39239442184047446,0.001410599797964096,0.0,1.4036909001879394,0.011706799967214465,1.4154703000094742
fnl4461,4461,EUC_2D,native,2,2,1.0,0.0,0.0,False,True,True,182566.0,187476.16537844721,1.1111526721026193,168722.23780345917,2.689528925674668,2.689528925674668,0.002827299991622567,0.0,10.427769699832425,0.012683300068601966,10.440531200030819
si1032,1032,EXPLICIT,hybrid,100,945,0.9458053755928278,770311.1343628129,0.004280538361898889,False,False,True,92650.0,97973.2661641385,1.0641171517773271,92070.0,5.745565206841344,5.745565206841344,0.314948600018397,6.99616610002704,0.1082270999904722,0.009836399927735329,0.1186949999537319
rl5915,5915,EUC_2D,native,2,2,1.0,0.0,0.0,False,True,True,565530.0,593931.9261358925,1.13814569692668,521841.73585128784,5.022178511465795,5.022178511465795,0.005758699961006641,0.0,11.41127509996295,0.011286900145933032,11.42265920015052
rl5934,5934,EUC_2D,native,2,2,1.0,0.0,0.0,False,True,True,556045.0,586353.096343605,1.140866329491743,513954.2479133606,5.450655314516804,5.450655314516804,0.003900600131601095,0.0,11.53483540005982,0.009373900014907122,11.54428829997778
pla7397,7397,CEIL_2D,native,2,2,1.0,0.0,0.0,False,True,True,23260728.0,24412039.61104536,1.1219703854176937,21758185.357055664,4.949594058472119,4.949594058472119,0.0047743001487106085,0.0,14.206633599940687,0.007865899940952659,14.214552400168031
rl11849,11849,EUC_2D,native,2,2,1.0,0.0,0.0,False,True,True,923288.0,966691.0572393369,1.1289517332657297,856273.150352478,4.7009229232197205,4.7009229232197205,0.009405000135302544,0.0,51.18222610000521,0.9486726999748498,52.133168099913746
d18512,18512,EUC_2D,native,2,2,1.0,0.0,0.0,False,True,True,645238.0,667838.4627180188,1.1249333291898316,593669.371676445,3.5026552555830244,3.5026552555830244,0.012656799983233213,0.0,141.1168745001778,0.13699500006623566,141.25438649998978
pla33810,33810,CEIL_2D,native,2,2,1.0,0.0,0.0,False,True,True,66048945.0,71979233.6390978,1.1328472496065423,63538339.93426514,8.978627348397154,8.978627348397154,0.039245399879291654,0.0,257.2482382999733,0.11545390007086098,257.36391369998455
